{"cameraMode":{"drawMode":0,"name":"Shaded","section":"Shading Mode"},"sceneLighting":true,"audioPlay":false,"sceneViewState":{"m_AlwaysRefresh":false,"showFog":true,"showSkybox":true,"showFlares":true,"showImageEffects":true,"showParticleSystems":true,"showVisualEffectGraphs":true,"m_FxEnabled":true},"in2DMode":false,"pivot":{"x":-0.9227151870727539,"y":0.8627581596374512,"z":2.2368569374084474},"rotation":{"x":-0.24094460904598237,"y":0.07824429869651795,"z":-0.01807190291583538,"w":-0.9680725336074829},"size":5.871794700622559,"orthographic":false}