{"count":1,"self":29219.9759872,"total":47561.018833199996,"children":{"InitializeActuators":{"count":9,"self":0.0010004999999999999,"total":0.0010004999999999999,"children":null},"InitializeSensors":{"count":9,"self":0,"total":0,"children":null},"AgentSendState":{"count":50774520,"self":40.5522144,"total":4096.8817579999995,"children":{"CollectObservations":{"count":17565538,"self":3966.8879359999996,"total":3966.8880801,"children":null},"WriteActionMask":{"count":17565538,"self":3.8542728,"total":3.8542729,"children":null},"RequestDecision":{"count":17565538,"self":21.400996799999998,"total":85.5871903,"children":{"AgentInfo.ToProto":{"count":17565538,"self":18.884963199999998,"total":64.1861929,"children":{"GenerateSensorData":{"count":17565538,"self":45.3012288,"total":45.3012297,"children":null}}}}}}},"DecideAction":{"count":50774520,"self":13285.622579199999,"total":13285.622517799999,"children":null},"AgentAct":{"count":50774520,"self":955.69766399999992,"total":955.69766369999991,"children":{"AgentInfo.ToProto":{"count":88,"self":0,"total":0,"children":{"GenerateSensorData":{"count":88,"self":0,"total":0,"children":null}}}}},"AgentInfo.ToProto":{"count":467132,"self":1.0579212999999998,"total":2.8390587999999997,"children":{"GenerateSensorData":{"count":467132,"self":1.7811375999999999,"total":1.7811374999999998,"children":null}}}},"gauges":{"BhvFugir.CumulativeReward":{"count":467220,"max":2.79999948,"min":-650.875,"runningAverage":-154.850571,"value":-101.6,"weightedAverage":-144.6457}},"metadata":{"timer_format_version":"0.1.0","start_time_seconds":"1727844492","unity_version":"2022.3.26f1","command_line_arguments":"C:\\Program Files\\Unity 2022.3.26f1\\Editor\\Unity.exe -projectpath D:\\Unesp\\TCC\\Project ML\\Project ML -useHub -hubIPC -cloudEnvironment production -licensingIpc LicenseClient-Loki -hubSessionId 9b93b0c0-673d-4952-85c4-9cb5bb622bd6 -accessToken Tt3eb6ZmXIV_JvosnveTyvY_fYXMImGm4uqkZhXjUOI004f","communication_protocol_version":"1.5.0","com.unity.ml-agents_version":"2.0.1","scene_name":"BosqueML (com NavMesh)","end_time_seconds":"1727892053"}}