{"cameraMode":{"drawMode":0,"name":"Shaded","section":"Shading Mode"},"sceneLighting":false,"audioPlay":false,"sceneViewState":{"m_AlwaysRefresh":false,"showFog":false,"showSkybox":false,"showFlares":false,"showImageEffects":false,"showParticleSystems":false,"showVisualEffectGraphs":true,"m_FxEnabled":true},"in2DMode":false,"pivot":{"x":5.960464477539063e-8,"y":0.8798019886016846,"z":0.027814358472824098},"rotation":{"x":-0.0035516098141670229,"y":-0.9829792976379395,"z":0.18804028630256654,"w":-0.0027339980006217958},"size":1.278865933418274,"orthographic":false}