{"cameraMode":{"drawMode":0,"name":"Shaded","section":"Shading Mode"},"sceneLighting":false,"audioPlay":false,"sceneViewState":{"m_AlwaysRefresh":false,"showFog":false,"showSkybox":false,"showFlares":false,"showImageEffects":false,"showParticleSystems":false,"showVisualEffectGraphs":true,"m_FxEnabled":true},"in2DMode":false,"pivot":{"x":0.032407406717538837,"y":1.098477840423584,"z":0.4468579888343811},"rotation":{"x":-0.012256456539034844,"y":-0.991034746170044,"z":0.08133313059806824,"w":-0.11297294497489929},"size":0.775580883026123,"orthographic":false}